{
    "TRAPPIST-1": {
        "b": {
            "limb_dark": "quadratic",
            "u": [
                0.16,
                0.244
            ],
            "a": 20.56,
            "rp": 0.08408329203831164,
            "inc": 89.56,
            "per": 1.51087637,
            "ecc": 0,
            "w": 90,
            "t0": 2457322.51654
        },
        "h": {
            "limb_dark": "quadratic",
            "u": [
                0.16,
                0.244
            ],
            "a": 110.3,
            "rp": 0.058821764679410964,
            "inc": 89.796,
            "per": 18.767953,
            "ecc": 0,
            "w": 90,
            "t0": 2457662.55467
        },
        "f": {
            "limb_dark": "quadratic",
            "u": [
                0.16,
                0.244
            ],
            "a": 68.6,
            "rp": 0.07962411694957754,
            "inc": 89.719,
            "per": 9.205585,
            "ecc": 0,
            "w": 90,
            "t0": 2457671.39470
        },
        "e": {
            "limb_dark": "quadratic",
            "u": [
                0.16,
                0.244
            ],
            "a": 52.13,
            "rp": 0.06929646455628166,
            "inc": 89.736,
            "per": 6.099043,
            "ecc": 0,
            "w": 90,
            "t0": 2457660.37910
        },
        "c": {
            "limb_dark": "quadratic",
            "u": [
                0.16,
                0.244
            ],
            "a": 28.16,
            "rp": 0.08330666239863412,
            "inc": 89.70,
            "per": 2.42180746,
            "ecc": 0,
            "w": 90,
            "t0": 2457282.80879
        },
        "d": {
            "limb_dark": "quadratic",
            "u": [
                0.16,
                0.244
            ],
            "a": 39.68,
            "rp": 0.05971599450733446,
            "inc": 89.89,
            "per": 4.049959,
            "ecc": 0,
            "w": 90,
            "t0": 2457670.1422
        },
        "g": {
            "limb_dark": "quadratic",
            "u": [
                0.16,
                0.244
            ],
            "a": 83.5,
            "rp": 0.08740709353364863,
            "inc": 89.721,
            "per": 12.354473,
            "ecc": 0,
            "w": 90,
            "t0": 2457665.35084
        }
    }
}